,A,B,C,D
2000-01-01,0.09729317978357595,-0.4152746196300979,0.756872459273908,-0.35420956482732
2000-01-02,0.6154303360485502,0.3889165845964226,1.6637351144804358,0.9620117437805689
2000-01-03,-0.04068036063645919,2.3508068984782273,0.6539369024100778,0.7750076425259377
2000-01-04,0.7695678809858932,2.5388470330071202,-0.12389213330074422,0.6981032864388195
2000-01-05,-0.5465007908926345,1.6559552877230257,-0.2518348102383571,1.5463597041485797
2000-01-06,2.017571255918502,2.0369607495429305,0.8328186987528422,2.1275282336106924
2000-01-07,1.6396456273353408,2.9457127140408508,-0.762950697054006,2.250023127037019
2000-01-08,2.0673537258345838,3.93018101450808,0.18698937015167283,3.7657354747233005
2000-01-09,1.4663610895660109,4.2098314735247895,0.8947548557172608,3.2912168998438007
2000-01-10,2.4708922714371027,2.031964634150376,-0.04456084499526758,4.48408748493398
2000-01-11,3.9534251330783423,2.183666445714345,-0.7665093018517057,3.00756374309296
2000-01-12,2.8846988743274737,2.2315465402676073,-2.16012696092866,3.3625775546475922
2000-01-13,1.850079981815093,-0.9407676250124926,-2.520341615178191,3.3536078793468005
2000-01-14,2.5323073890285173,-0.49211500698769745,-3.2810224724773978,3.382439436119064
2000-01-15,1.7305508019614195,-1.8818623936373708,-1.795602226324747,3.578819389757406
2000-01-16,1.3471209740764705,-1.4897470235834827,-2.7564251606216157,4.651993998048832
2000-01-17,-0.5760192998648344,-2.9923463743724086,-3.282377801998087,4.298714436134302
2000-01-18,1.0123112552142743,-3.3198803013780793,-4.504318862334895,3.3056858927624506
2000-01-19,1.1898129878677357,-3.2115038790273127,-5.4512073471510885,4.57112736799792
2000-01-20,1.2468363146685733,-3.077727986646527,-3.261270236580872,5.311800008941541
2000-01-21,1.8704350208281961,-3.5808737960108825,-3.539531167791278,5.1197730054782316
2000-01-22,1.0792697018897504,-0.9756766386576943,-3.575637686905342,5.57781839841834
2000-01-23,-0.10406438741353607,-0.5755848642064618,-3.291881553642314,6.470199667379262
2000-01-24,-0.008100474741366534,-0.5919360302484986,-2.735700971481084,6.743744014839791
2000-01-25,-1.0312891005318472,-1.10216202400973,-3.5072871232786107,7.462158046048694
2000-01-26,-1.0542063744892722,-1.7785280667577958,-4.285690066850836,9.356995205254094
2000-01-27,-1.18324930603774,-0.7994158048052946,-4.61229118778208,9.110166918329602
2000-01-28,-0.08251699475876806,-1.3188063522388973,-4.4668147325555525,8.467787891837474
2000-01-29,0.44482565808798513,-1.2455037652627885,-5.758573379763341,9.405493094412902
2000-01-30,-0.9446599861064494,-1.8303991767165444,-5.879857613886087,9.067813365774631
2000-01-31,-2.9494282102756126,-2.698644996528744,-6.152206843978471,8.379623618303942
2000-02-01,-2.408652290663359,-3.401201504641784,-8.285474631851354,8.622953599935652
2000-02-02,-2.666941648720313,-4.244087489734903,-9.01901821180169,9.449866866446582
2000-02-03,-2.4235807105452944,-4.665007273578342,-9.55042611327126,8.825732430893508
2000-02-04,-3.647891980389435,-4.03793899753142,-9.553031866250024,9.68358432216506
2000-02-05,-2.860753767688294,-4.754181920671812,-9.850671905506399,11.114907814425429
2000-02-06,-1.8613020622559326,-4.877944920921563,-9.486029726812852,11.29912687855557
2000-02-07,-1.768011765278872,-4.285104716274478,-9.99666644080507,11.68309097735985
2000-02-08,-2.3673890708101775,-5.993523024685381,-10.417333897567696,11.209216564584374
2000-02-09,-1.7114190819948019,-5.468355614738844,-11.842419944064723,12.780791875145319
2000-02-10,-3.1769248944377297,-6.350956254790777,-12.583263155883106,11.53390255855981
2000-02-11,-2.333026401915884,-7.562863910460003,-12.648705094084367,11.691177449150562
2000-02-12,-2.41985514572876,-7.6407508286037995,-13.237627978234034,11.43456877658195
2000-02-13,-2.341307108059638,-6.55178282003944,-11.220168515455752,9.707170012825012
2000-02-14,-3.5399223248525535,-6.913206511425058,-11.324209838331994,11.528424046372356
2000-02-15,-3.4756926584743764,-6.975528881371296,-12.821711944041166,12.170179949205012
2000-02-16,-4.195934988457236,-7.979423866551091,-11.269061043989176,11.360920032796614
2000-02-17,-3.6968866750505223,-8.178867579479009,-13.09943595141572,10.835948208515017
2000-02-18,-3.4623463034818984,-7.537463591684129,-13.060349297323832,10.332654532412368
2000-02-19,-4.3456724364049695,-6.91972824048011,-13.400974544166273,9.151202578637124
2000-02-20,-5.741096039355526,-7.418057386572159,-14.257380268661613,10.178357978062321
2000-02-21,-4.987547279265174,-7.234028695321833,-14.639841558009751,8.91860603336364
2000-02-22,-4.807791151251374,-6.7870954949154765,-13.930249316109482,10.090640985716682
2000-02-23,-4.9097064537590995,-9.015260919118187,-14.391833955001683,8.11179434742603
2000-02-24,-5.242905804622842,-8.881506889368048,-12.962624140408147,8.054588667750137
2000-02-25,-3.1119008804782147,-8.23045767130957,-13.293347791165939,9.099216870407915
2000-02-26,-2.9052473077064844,-9.733734991260295,-13.591191769853745,8.906632977696322
2000-02-27,-2.650881371101731,-8.900144065732405,-14.676913077878599,8.693680641777727
2000-02-28,-0.7432047836224853,-9.482740764926902,-13.581979422793905,9.036672087242286
2000-02-29,-1.2598179951358537,-8.94080692698918,-14.30920862062925,9.413102136272885
2000-03-01,-0.9934352273007504,-7.454766737228283,-14.900900418648225,8.854481151313133
2000-03-02,-0.8646753048451111,-8.4784880919811,-15.214096086574996,7.681068502179599
2000-03-03,-1.5013450416053786,-8.66643350686276,-15.857337783074613,7.427591789478525
2000-03-04,-1.4046081277680116,-9.281148933440809,-13.572127495017249,8.326567843419513
2000-03-05,-1.571398622347579,-9.388476575586722,-13.09663453574705,5.980147784741066
2000-03-06,-0.49557251343847897,-8.5444588651622,-12.943121204150383,4.3812872020851525
2000-03-07,-1.5574428908524744,-9.59350516483719,-13.138684068467493,4.901330781761861
2000-03-08,-1.8512098037125442,-9.874733405103719,-13.15628284806866,4.032260039896712
2000-03-09,-2.312931988172038,-9.287592873664765,-14.824335844937186,2.5598559466614828
2000-03-10,-2.31409524962221,-8.340877562026296,-16.151427615427277,3.4595265988569186
2000-03-11,-4.197020229736725,-9.101816748158218,-16.579416780623944,5.870993075099047
2000-03-12,-4.572621513905204,-9.329985444187686,-15.390738666117757,5.997300810596555
2000-03-13,-5.408305274994352,-10.150928728462562,-16.131014703456774,5.197828378354554
2000-03-14,-6.900833248082207,-10.669585789995235,-16.43957437929498,6.318629080598298
2000-03-15,-6.231121266120129,-10.51661508556505,-15.735702765322866,6.316235556182295
2000-03-16,-5.973963540182826,-11.456599802466759,-17.952074888638847,6.101768505307191
2000-03-17,-7.885565782641878,-10.584436509936243,-19.121431774099467,7.835630059226888
2000-03-18,-8.515548230679947,-10.066613891894987,-19.393799876676077,9.336285865842498
2000-03-19,-8.002933547939715,-12.07010757185921,-20.234877189773385,7.7425250599738025
2000-03-20,-6.4394460319852005,-11.755876452512103,-20.25840536853143,8.411300393681591
2000-03-21,-5.8446414626565515,-12.746524724718508,-20.636261972367095,8.505702642786854
2000-03-22,-5.98659984050837,-13.650396302566062,-19.53900458976688,7.775256450042417
2000-03-23,-5.490260348453678,-15.010255850822102,-19.708007051158496,7.034531113500513
2000-03-24,-3.717570203860718,-14.414051670680246,-19.36781205140091,6.052525864457166
2000-03-25,-4.7077315998876035,-12.741887124132107,-19.637961803534292,5.093194232332338
2000-03-26,-5.205330066505485,-14.411909659308082,-18.257927351011087,5.868554299969995
2000-03-27,-5.441599040578725,-14.338182558373287,-18.099960385065465,6.228576004236745
2000-03-28,-7.427327796230466,-12.471276491076358,-18.878254420763675,5.29847238806098
2000-03-29,-7.53919746886614,-11.859030923454446,-20.529042533582807,5.90565874283769
2000-03-30,-8.706926757490566,-12.283671192459423,-20.1675100332371,6.590436301690554
2000-03-31,-6.934397032099522,-12.541186571733597,-21.04306347442128,6.441641662417736
2000-04-01,-6.301267010082638,-10.6951187554751,-22.803170048561437,6.255460203483704
2000-04-02,-6.068777440986343,-10.092847087416875,-22.943674850694016,7.524230997431218
2000-04-03,-5.462228432125546,-9.837296212679803,-23.886860780615972,7.327145516907083
2000-04-04,-6.3367915315998875,-9.895169543447313,-23.627150833287473,7.427682048449549
2000-04-05,-8.890494556006228,-9.684339996037455,-23.472458113917263,7.3623465683102065
2000-04-06,-9.05698020335567,-10.567056449424584,-22.639986495582505,7.560860451866707
2000-04-07,-7.462018428333769,-9.459597082406228,-20.06856758872827,7.977018073038216
2000-04-08,-8.165405425178072,-9.766268645419894,-20.355202067501697,8.296979887787959
2000-04-09,-8.080482234660717,-9.622158936508598,-21.25442643815363,7.361031532959111
2000-04-10,-7.9058331063814595,-10.721205035871625,-21.745008529374218,8.41650997414371
2000-04-11,-9.12256037359769,-10.68244617746063,-20.83624525960565,9.080109332784714
2000-04-12,-9.374135897071834,-10.90187741027994,-20.52117551157192,7.930014047665184
2000-04-13,-9.461207903386512,-11.031187842564366,-20.517235735343938,7.656864572792729
2000-04-14,-9.068397977025809,-11.534282945026659,-20.69121524841663,9.581562929532335
2000-04-15,-10.652440531182371,-11.803045572983653,-21.524838145811533,8.29577898914539
2000-04-16,-10.575330935298531,-11.839137608314303,-22.427367205185305,8.452114187242623
2000-04-17,-9.213835259043657,-10.147508305408566,-22.330176150431303,11.031138403341215
2000-04-18,-9.697494101968879,-8.811422597603308,-21.57794745005726,11.539421658264816
2000-04-19,-9.938110060967757,-7.357492448824187,-21.079590001348663,12.966574081270682
2000-04-20,-8.70271994097567,-7.9663323774340915,-22.171404345118148,12.254515505522601
2000-04-21,-8.482430805728068,-8.530908471457613,-22.85582192279993,13.06745361758288
2000-04-22,-6.744833296788673,-7.308867124057809,-22.02590889630344,11.835081954546268
2000-04-23,-7.458070896598929,-6.036610171747224,-23.45516806414502,13.08166835940952
2000-04-24,-6.862521835540775,-4.958977728317572,-24.229835471340127,13.47846359717787
2000-04-25,-6.047523612833838,-4.502082437427864,-25.670630133134992,14.344708084048559
2000-04-26,-7.615254845706058,-3.773370197941658,-23.774843102823958,12.28244809211035
2000-04-27,-7.688583634489881,-3.2559594309749174,-24.04207978649418,13.521236754101908
2000-04-28,-8.187749575653491,-3.438182460320151,-23.829721908627874,15.019161190846345
2000-04-29,-7.235253016882319,-3.9969508274167316,-22.41396814317868,15.496758486983477
2000-04-30,-7.37646905983289,-4.95215657541386,-21.847393849026794,17.948415521924712
2000-05-01,-7.3250155541270585,-4.533547926310437,-22.68131998293554,18.45393210067913
2000-05-02,-6.681743226214884,-3.706600402543262,-23.4627033380658,20.049679487405864
2000-05-03,-6.9827853763222665,-3.6809732412114533,-23.565318139369538,18.811632904293457
2000-05-04,-7.45801101901794,-2.1479989209931407,-22.408556780332052,19.156055367393538
2000-05-05,-9.761146571742595,-2.538215742800037,-22.143888500601697,20.241823719902563
2000-05-06,-9.469054102917672,-2.4504396868554954,-23.550315076024155,18.79806480195051
2000-05-07,-10.32757625634185,-1.4045065890111341,-21.75501228874138,19.295320122281126
2000-05-08,-11.065987458906434,-2.6345802635722917,-20.642504623597667,19.665986540941415
2000-05-09,-9.247263226803554,-1.7135188322472135,-20.981199224869297,20.240199286029995
2000-05-10,-10.841915424771777,-3.2947126443935395,-20.413823896740816,20.59252642716284
2000-05-11,-9.421295255196094,-3.524926792945185,-19.472225796415497,20.550362527580635
2000-05-12,-9.362772084243993,-2.0004380855565813,-20.04719277322344,22.243467713134336
2000-05-13,-9.650287759931542,-2.0052431860712017,-21.31135327343631,23.81609494819037
2000-05-14,-8.573297525562337,-2.0511299369056184,-20.67842488544554,22.652872964483393
2000-05-15,-7.61567347648477,-0.754939567593619,-23.101399494389256,21.464381240746622
2000-05-16,-7.8882314544766645,0.6508585033071725,-22.911513701645248,21.10429471720177
2000-05-17,-6.265794855986417,1.454737284671729,-22.37588751694975,21.01300725576868
2000-05-18,-6.413220071014128,3.735621908249109,-23.026757644691937,21.998156367166132
2000-05-19,-6.634842483746515,2.541188583505143,-22.696766442970514,21.161979154768666
2000-05-20,-6.193076354153651,3.33217703311847,-23.416903604945155,21.61592418199438
2000-05-21,-6.556566175689854,3.0526994503759064,-21.922938006208945,22.832431654849245
2000-05-22,-6.242745866345618,2.656371607246023,-23.029387401196733,24.226860432094984
2000-05-23,-5.808489414101041,4.307116934063223,-22.297392822933315,23.216661715464802
2000-05-24,-5.660795598034208,4.724132909932404,-20.387543149948012,22.843607502727703
2000-05-25,-6.226955255986439,3.6312937354514787,-19.032960691702005,21.221988972455843
2000-05-26,-6.4194809445662715,2.9198211844600777,-20.42170869776764,21.64181883775472
2000-05-27,-5.918561057673324,1.9752371548530223,-19.235137899689455,20.33773413631871
2000-05-28,-5.906575515921073,1.6994395657419235,-19.12254865369726,19.713942864361204
2000-05-29,-7.294796081388096,3.4551346505167175,-20.0149172297392,18.44725965931836
2000-05-30,-9.202979909815452,4.716106021625274,-21.294161021502823,19.201144960354775
2000-05-31,-10.474919867317345,4.4190171791905435,-22.148341956496342,20.90998820501185
2000-06-01,-10.561984953244249,5.25497141352525,-22.01155191705883,21.160639752929846
2000-06-02,-12.269570080445227,6.551474380348611,-22.79832083649107,21.995755438036333
2000-06-03,-11.573637194764224,6.542286179253704,-23.086294150814222,20.41596322032964
2000-06-04,-10.838166720441786,6.615621375591413,-24.957628244041658,19.23756817842198
2000-06-05,-11.585975768238528,5.828672367336886,-23.685276031795865,20.254806066467136
2000-06-06,-10.506679698432729,5.874405183286606,-23.037022833998705,21.49390672818423
2000-06-07,-9.608797282836573,6.588213560358005,-21.202971495106468,19.30256972322319
2000-06-08,-9.178892723416077,8.156516854224623,-20.207248602174797,20.13927832535375
2000-06-09,-9.107231430946205,7.0310390136410525,-20.670919583889187,20.644071349021274
2000-06-10,-9.875092494118958,5.988275531364423,-21.06520440907395,20.789929165978748
2000-06-11,-8.905941489445643,5.306877233073585,-22.42193281070546,22.26638103589395
2000-06-12,-8.576410931791953,4.565210142775543,-21.586514878090853,23.103060213262875
2000-06-13,-8.393069978350812,4.407956451198456,-20.541029009121637,24.50975388489527
2000-06-14,-7.899997027862793,4.14019828471987,-21.376949861539046,24.120707394491586
2000-06-15,-5.689024532452265,3.6262331998808133,-23.147854100225164,23.96415156862734
2000-06-16,-4.925349591818643,2.9561633086292636,-22.573956690633075,25.86378971265809
2000-06-17,-5.891732327136426,3.493263638429071,-21.04405051936778,25.60333649912008
2000-06-18,-6.632298025682214,3.122464589447072,-23.098562183879956,25.837098828618686
2000-06-19,-8.246023090453017,4.143437910663134,-22.98324343177495,26.854728921931443
2000-06-20,-5.766431369167281,4.560223811357288,-22.878562267577482,25.89741966070872
2000-06-21,-4.838625262538663,5.377638280494606,-22.144878474843672,26.595220655821848
2000-06-22,-5.57990449658889,5.412212938251329,-21.508129218010957,26.76008934779109
2000-06-23,-6.515304059248798,4.0379784419178755,-22.435452769015612,27.56545795145724
2000-06-24,-5.7292494550564985,4.510926216475234,-21.298800035955512,27.9236131667969
2000-06-25,-5.726244576774996,3.870215756033101,-20.76959680368068,28.805840117026584
2000-06-26,-7.547290255624073,2.2325454743551125,-19.447710425873222,27.181502163913535
2000-06-27,-6.177310027405303,2.3137767535484883,-19.357022845571592,28.41726512962635
2000-06-28,-7.392474517987377,2.6071897172028105,-18.83016864428976,30.18828510556037
2000-06-29,-6.970424885325749,3.2700540491542784,-17.8924072002817,30.975033631658807
2000-06-30,-6.505396879861544,3.4821277945969378,-16.9309172365551,30.869817558664344
2000-07-01,-5.839985714319121,4.643085868004336,-18.71863351642927,32.00108662010335
2000-07-02,-6.442970035895773,5.3833556763243875,-17.94100568128323,31.796243306442626
2000-07-03,-6.212065052892042,4.555347798001657,-17.367564653467234,32.42987283724065
2000-07-04,-6.047473510665058,5.91200880317764,-17.843647203995882,32.068868999226616
2000-07-05,-5.854075061242215,6.4328602698409565,-17.111674488204144,31.720021358130985
2000-07-06,-5.943887270858888,5.97985473803975,-19.63066440785806,29.616726588353384
2000-07-07,-5.0448250527193235,6.5392363012798755,-20.492927258102643,29.993416382452573
2000-07-08,-6.10649604773808,7.655382069732713,-20.08826563565075,28.905291841711474
2000-07-09,-6.2015308191162015,8.484339683327166,-19.62750010494973,28.83800989938103
2000-07-10,-6.556653247799041,8.392800742760972,-18.366070348053317,29.061502552483724
2000-07-11,-5.049852067685233,7.126035049635096,-19.670149964656503,30.762356353918175
2000-07-12,-5.262333330516327,6.888104190179537,-18.51000369599342,31.078917798087854
2000-07-13,-6.108002561557284,6.532312259892715,-16.984808565041522,31.249706453175683
2000-07-14,-6.185757401495142,6.0033064808998535,-17.14335019608755,31.705432629891842
2000-07-15,-8.617239299946183,5.824956173101369,-18.403494591061886,30.966544806570543
2000-07-16,-10.531809034628761,5.8593868151596515,-19.53041946097469,31.024043202963654
2000-07-17,-10.340219707848835,5.292120622358746,-20.527097831726774,31.332750247145782
2000-07-18,-8.82556438048764,5.539585637271287,-21.23716819154567,30.97292115870505
2000-07-19,-8.612210097594268,6.006463530444387,-23.725173314975077,30.47178902383934
2000-07-20,-9.484567339068237,7.052258587429768,-23.14089078540828,29.92491304704273
2000-07-21,-9.76907977633195,6.999100122511598,-25.140784524935903,31.01693718611926
2000-07-22,-8.65030811706203,7.35688861229467,-23.3103534157877,30.551767256873344
2000-07-23,-7.350283438560184,6.381249581976883,-23.224348627308554,32.08992723145544
2000-07-24,-7.490290469140242,4.474969993803855,-22.5953226793903,31.83736211545379
2000-07-25,-7.9199756983310055,3.521051530104085,-22.420915290994856,30.813628542633868
2000-07-26,-7.383749429110531,3.646758152776173,-22.142168613744193,29.922439076085563
2000-07-27,-7.329033648987404,2.4264964804034417,-22.805759599887722,30.18065922068136
2000-07-28,-8.774040544029692,2.1999532576973198,-20.902404335679652,31.1068795884407
2000-07-29,-6.654310604899624,1.3754667759458208,-22.20099400021571,30.074798491161154
2000-07-30,-6.510304113320951,-0.1010464495881167,-21.42692226803869,30.67527356169898
2000-07-31,-5.535971815153669,0.023354745520329248,-21.163859890549805,32.505883390478125
2000-08-01,-5.020481815216986,1.979634430508873,-20.93083903328868,32.75167006306634
2000-08-02,-6.0458894928746405,1.6606138448699022,-22.326795039729305,33.68334624046684
2000-08-03,-5.938756317480676,2.6873162941355644,-23.849797428881452,31.527931017559425
2000-08-04,-4.5074933532765264,3.9751150288043675,-24.8517363808976,31.156764635050294
2000-08-05,-6.585094603913177,5.142067280774473,-24.236944582572917,30.1835007572004
2000-08-06,-5.702385094546082,5.805397940273545,-24.442653966022252,29.5199011696215
2000-08-07,-3.478979439781956,6.721546389887762,-23.338118311511423,32.41015764906675
2000-08-08,-2.8174445962954087,7.675460635388268,-23.441218173796614,34.06597695215339
2000-08-09,-2.060544475625545,7.714425016669176,-24.62792988743485,33.87622030991086
2000-08-10,-2.588421806528164,8.915793672778003,-25.43670823341894,34.70555100905257
2000-08-11,-2.7367034994646753,8.397153895954105,-25.665057189522724,34.461002167786326
2000-08-12,-1.7271862150979598,7.928724480487903,-26.357480164601586,35.027183551747726
2000-08-13,-3.5475538553552504,8.803361591592486,-28.29488038872523,37.07763592555747
2000-08-14,-4.848527310153063,7.807307910029657,-29.296611235680544,35.78741967417287
2000-08-15,-6.312815720008098,7.429149218411046,-30.010997806427255,35.783707563868404
2000-08-16,-7.436781447120426,9.974731708322736,-29.596777784170772,37.414693172269494
2000-08-17,-7.698816935553522,9.33936450021411,-28.82599257327576,37.67995762969491
2000-08-18,-6.569260869486502,8.533466270638591,-28.48266374028137,36.10686506360815
2000-08-19,-7.947632235205287,7.557043728734681,-29.81243792716224,36.23890853510923
2000-08-20,-7.053407980553077,8.527835983649524,-29.552973276287084,35.46805778961416
2000-08-21,-7.620336711750221,8.915675833088171,-29.979521682976348,36.27295643526877
2000-08-22,-7.270740273910106,9.27476535383181,-28.57940449758548,36.95144227909735
2000-08-23,-7.9709347908666475,9.86950647025162,-29.11612480048643,36.57981698297737
2000-08-24,-7.627534560260147,10.195357905407338,-28.320553401473404,36.03969170376643
2000-08-25,-8.038885356077374,9.063432546638856,-29.485584679115487,35.57654914217127
2000-08-26,-7.973010641341267,10.125374576701741,-29.62230126085501,37.022622480888906
2000-08-27,-7.795586409407468,10.319213525725761,-29.008955279697727,36.9085376164607
2000-08-28,-6.976876619157216,10.208057848092611,-31.576822186130887,36.91733887294664
2000-08-29,-6.789977115833936,9.980762475691883,-30.200282253330958,36.97924291803936
2000-08-30,-6.219938357641372,11.153400811551117,-32.91475926410198,38.39810337768944
2000-08-31,-4.844392684323477,11.196348918468571,-30.814620085485995,38.33225954143055
2000-09-01,-3.976211880194158,10.586424892320576,-29.787767369617914,39.40173643719802
2000-09-02,-3.967849404387655,9.791419944389101,-28.297596729581944,39.35006855807711
2000-09-03,-0.7764640288643934,8.656006537357714,-28.570206734774672,39.03445921255196
2000-09-04,0.34512282119746707,8.150962378446382,-28.816437449233177,39.15758425296213
2000-09-05,2.227552953895204,9.864801829968371,-30.188838876649626,39.74462435171261
2000-09-06,0.3169414231125114,11.430265969462193,-29.860954142752103,40.045829588078114
2000-09-07,0.3991567016983315,11.714822274290984,-29.363001901934084,40.49035949864681
2000-09-08,0.6362253855503659,12.62178313482748,-30.420374735002376,40.37810488898352
2000-09-09,1.016065717277821,10.588321497446268,-31.207614709985236,38.35620095280377
2000-09-10,2.0216465993556176,10.188199456450764,-31.143718108611157,39.72921316090053
2000-09-11,2.4979270080784772,8.471811880842365,-31.66527872355963,41.22369733920534
2000-09-12,1.5509381595138299,7.948860106589285,-31.648411159432225,40.47373044606408
2000-09-13,2.587941568709887,8.638177509177337,-33.011787782256526,41.35204256394147
2000-09-14,5.467682097022632,9.819158417647419,-32.6004174521009,43.760767291392995
2000-09-15,5.421517801023999,10.827562321393305,-31.87024256505044,43.64851577154289
2000-09-16,3.6997445110581406,11.608118587809706,-32.87533036286328,44.44057793489592
2000-09-17,3.404858679553432,10.659233584921923,-32.15407879349812,44.72264655792448
2000-09-18,2.9600607460610715,10.409367595152773,-32.18847491485875,45.81670131356447
2000-09-19,2.6355506611503974,11.770356079530949,-31.292292547078592,46.41552244442075
2000-09-20,1.0890488694310976,11.71948550842518,-32.450987927854996,47.14632979878189
2000-09-21,1.0576057630182223,11.222231168713197,-33.5862922112415,47.93991507763991
2000-09-22,3.040904009621139,12.426948326370336,-34.52244146580971,47.87618805150137
2000-09-23,3.676827726038597,12.755310868805148,-33.360240207815366,49.27709618538023
2000-09-24,3.7169358088299544,11.186795518189324,-32.75548432386032,49.385487487151636
2000-09-25,3.7578351547664908,11.49276306507842,-35.15091788967551,48.85225258792876
2000-09-26,3.9554180348906494,10.031752944406566,-33.87239164456772,49.64354028477991
2000-09-27,5.0447526074008415,10.6707891682065,-32.59359422258683,49.88890357477164
2000-09-28,4.818684799195805,10.121131389192042,-33.99286992587965,50.651377674331606
2000-09-29,4.966284158081436,11.06798072432263,-33.16752596116714,51.11212784332825
2000-09-30,5.140746869348961,9.554788743988283,-35.015605557385165,49.906124273248615
2000-10-01,6.047979088887999,8.60349950145788,-36.16062883392879,49.27631265831336
2000-10-02,6.255657577581585,9.574676442920369,-37.124996018646684,48.797149639936755
2000-10-03,5.779658476695014,10.096345897049247,-38.124818149921516,47.22138796111961
2000-10-04,6.427453540162425,10.708886550169112,-36.55396972925978,46.90605547440816
2000-10-05,5.660502038769268,8.431504235347989,-36.92081513464346,45.575427657021855
2000-10-06,6.956487620054041,8.047545388287594,-38.030635886698335,45.56107637538525
2000-10-07,7.6706407701014925,6.578271470764267,-38.10237106848056,43.22618603477512
2000-10-08,7.791666556886048,6.825616903031192,-38.650474850943496,44.50845522861292
2000-10-09,7.2842566885031514,4.938433092672754,-37.23153666197279,44.16703733328255
2000-10-10,8.023159487153976,4.619282216084496,-37.61639053610156,44.167940057260004
2000-10-11,9.047471539416234,4.262988049783759,-37.85320997599852,44.21273968169364
2000-10-12,7.087641130298319,6.186972886443876,-38.90130993115167,44.8842957979474
2000-10-13,6.410279423568476,6.7061772763584235,-39.109844243634186,45.00456354020062
2000-10-14,7.533403161528487,8.692190395127605,-40.124868127419916,44.70565201196833
2000-10-15,7.860576573406817,9.033402481730509,-41.28154202893627,44.404785544085726
2000-10-16,6.667113072659832,7.798580549359427,-40.82283124796067,44.59447297029077
2000-10-17,6.63594266084282,6.5691323543450135,-40.44755593172165,46.20877303201977
2000-10-18,6.931842607366374,5.839876490838618,-38.10852343169521,46.657440945465126
2000-10-19,6.754326309101554,7.687921469268315,-37.89775132218607,47.18558783438357
2000-10-20,7.295045766075172,8.037522014285416,-38.892156883318236,46.221894205697446
2000-10-21,8.441496666452725,8.581727652358017,-38.83035888285086,47.703726115191145
2000-10-22,8.482256499630308,9.251662996587218,-38.358446007012844,47.34140533287491
2000-10-23,6.183664886000145,10.292546868477244,-38.69031744855151,47.15988728328443
2000-10-24,6.888987882069909,9.520987926197346,-39.70791797914944,45.233603354127595
2000-10-25,6.416918548385985,9.988903511936627,-39.048648767879385,44.96580370082825
2000-10-26,5.508271145581646,9.567484390197636,-39.3113506648365,44.12894939771762
2000-10-27,6.706553997967712,10.74906804155228,-39.81065872656523,45.13567669979136
2000-10-28,7.307705541281168,10.57048891066262,-38.632555557947384,45.325444006027325
2000-10-29,7.123865030205314,8.010627364458479,-39.06123298969096,46.280422773934454
2000-10-30,7.084880606495995,7.723904316767036,-39.38042227384064,44.09570913459263
2000-10-31,8.375748892376292,6.9129425856408195,-37.47585643014284,44.13511411581775
2000-11-01,9.300851748156603,7.566874081996017,-38.11797576104762,43.68871643610121
2000-11-02,9.250166483480394,7.469225106976677,-38.522506590992414,43.316496386288335
2000-11-03,8.524300787917614,6.4274261517420435,-36.024264203571896,41.73609632907885
2000-11-04,7.733494127774506,6.242321811230902,-36.43647928271081,43.249083831313335
2000-11-05,9.779081910633305,8.0151179237385,-38.86270537382437,43.2681380917645
2000-11-06,8.989143447869697,8.489681953927628,-39.30120623795584,43.03855337627561
2000-11-07,8.479578816040314,7.960377292297237,-39.120183277275636,43.20647223738714
2000-11-08,7.878328673980758,7.882346809736821,-39.91037985691849,43.2750813196893
2000-11-09,7.47227748779638,8.776232475259356,-42.20834442365147,42.25830841040809
2000-11-10,8.366218347904073,9.012324343813157,-42.28646705872918,42.88294917028537
2000-11-11,7.5211697359004726,10.797949478840245,-41.880590454396916,42.87107059741409
2000-11-12,6.040208021252581,9.853269371039058,-42.81010251364437,43.68379301883876
2000-11-13,6.327277075696425,9.611590518862858,-44.1382178817725,43.97879428846122
2000-11-14,5.0972163573904385,10.585237769064035,-43.26137151494121,41.4247303013932
2000-11-15,6.609340292007432,10.640549338953772,-43.935492261191186,44.13555198538565
2000-11-16,7.919800326812821,11.566963279407599,-45.834555386508136,44.26611524054705
2000-11-17,7.633795818000092,10.987338484906877,-47.674897906997444,43.292164971583105
2000-11-18,8.121204042913597,9.089907309564818,-48.23660110372134,42.76222906851183
2000-11-19,7.217314330660127,10.55560539934772,-46.69496379025505,42.04790742153596
2000-11-20,6.810510263858091,12.01656418937406,-47.19122356059442,40.9655867701182
2000-11-21,7.669904353923384,11.64038260009883,-45.88129704752313,39.51994343399829
2000-11-22,8.142328287671576,11.239394425426722,-43.90453589468174,38.61011374272463
2000-11-23,7.850129394856589,13.150965124655414,-42.59888681834323,39.517779289682565
2000-11-24,10.383016860898001,13.463871606223478,-40.90662318837846,37.885550955065675
2000-11-25,8.818070193931781,12.747950047984538,-39.18534998916864,37.83289361679395
2000-11-26,8.544260289043368,12.143562257049334,-38.946293778428014,37.83359218957893
2000-11-27,8.818603070986343,12.877621815665988,-38.555319293979046,38.746090012473026
2000-11-28,9.451869939483936,12.677655224847754,-37.431725253629175,39.39957382445012
2000-11-29,8.70116644435936,13.22996993571967,-38.21779233449726,40.791852893280435
2000-11-30,8.772435579544137,12.4515295050578,-38.871725069588656,41.47238556895121
2000-12-01,8.207338203547087,12.334670058458926,-38.393499093105895,40.62017933465215
2000-12-02,8.270569501753586,12.640702675698728,-36.68226408788311,42.05755383337176
2000-12-03,8.605760273424485,12.083204933455697,-36.33357221185414,42.16735392443348
2000-12-04,7.869802404765871,11.712583681304956,-36.744921125606176,42.077941545498554
2000-12-05,6.50616946409472,10.88473343742327,-38.23457308363974,42.114883171261546
2000-12-06,7.712419225608282,10.941287761604423,-37.56802867953168,42.92605021110708
2000-12-07,8.75732008963235,12.06694499842359,-37.012645023450226,43.27945777143074
2000-12-08,7.358334177963648,12.07224994926756,-37.59357623564424,44.520558803297945
2000-12-09,7.2891388914300945,11.144351886522907,-37.952500799895375,44.79359214859089
2000-12-10,7.662185009691765,10.473658102931179,-38.57363558599873,45.64322335079975
2000-12-11,7.66107572093017,11.906668097704541,-39.012586059569415,45.69397324848394
2000-12-12,8.719480378577911,11.401001848386711,-38.93085823470446,47.05756575236968
2000-12-13,7.673936147937302,10.09407545916701,-39.41059613693183,47.44776822182929
2000-12-14,7.776757810023531,9.89130732877697,-38.836922336413544,46.92117709218912
2000-12-15,5.812581864366038,9.133600775489793,-38.96656089010485,45.77662045214051
2000-12-16,6.282579237717656,8.383189923853955,-38.59655024192153,44.58409439597297
2000-12-17,7.120645021534001,10.017349699480278,-39.4739702009274,44.200854216488274
2000-12-18,6.905095558203662,9.93441991442859,-38.28862824754125,42.60786793246706
2000-12-19,7.34554563922595,10.986106372306889,-39.228595726389145,42.11864824523914
2000-12-20,6.221999959174865,10.368440930520963,-38.73588425495691,43.9477664622349
2000-12-21,7.138645419817411,11.227086310359363,-38.17250516294328,43.149037902090555
2000-12-22,7.001479928087085,11.637964227839676,-38.5331727792581,43.32458132961088
2000-12-23,6.861975971625366,11.784934045975412,-38.010613668910395,44.07546787043936
2000-12-24,7.822282710176069,12.994005769946058,-35.52716817485222,44.17659821203085
2000-12-25,7.35140585783684,12.537848250875994,-35.371825849508056,43.89840806432911
2000-12-26,8.44533332131266,10.666123031468036,-36.871266868050874,43.35784127906111
2000-12-27,9.597992473858907,9.767790060315761,-38.55507577790483,42.82480198551765
2000-12-28,10.079384364041791,8.9847574870753,-38.15982795842127,43.602932734130846
2000-12-29,10.686725829929903,8.126378264472201,-39.30689674041078,43.02551177342767
2000-12-30,9.846507490776025,7.690385406402713,-40.15046498142714,44.2878880237897
2000-12-31,10.344426859790723,7.540748205273101,-41.32279504843133,46.40901979954436
2001-01-01,10.855527465286125,7.704440627361682,-40.94226054145094,46.99220798720981
2001-01-02,11.064460447904361,8.989461356724302,-42.1309716041616,47.01693574461879
2001-01-03,10.024376134929362,8.406239427155343,-42.708591324434714,46.090756371476985
2001-01-04,9.495025263128733,8.571291246988023,-42.953899440436686,45.676780762235175
2001-01-05,10.221428096903255,7.672337045882338,-41.126573258300944,45.32777401129208
2001-01-06,8.748613484065963,8.022387425563394,-40.74741235558196,45.86514723025427
2001-01-07,9.98603402208146,9.135100109165105,-40.30881121308283,49.066960604669774
2001-01-08,9.970551183152544,7.921012356720344,-40.48554206829635,49.30802458728479
2001-01-09,9.898357028654885,6.959031240721491,-40.63174584226825,48.561790170455026
2001-01-10,11.829917281328619,8.584730984443498,-40.03496388085854,48.18164503583578
2001-01-11,12.306662427410915,8.137244740770042,-38.4492572066434,48.087240026720366
2001-01-12,12.241325594636434,8.048151824995488,-37.656407425751105,48.449843885511996
2001-01-13,12.10793150655399,8.011338879969864,-36.75884332342007,46.74975021008556
2001-01-14,12.58864158199855,7.934917010967181,-37.866804635254816,47.003893029388614
2001-01-15,13.01518573896095,6.234653325268433,-37.100637290220504,47.71730192049717
2001-01-16,11.434752246794568,6.845810956672114,-36.01369234044365,49.06073749000926
2001-01-17,12.390915402157388,6.679524153576954,-34.721197949089245,51.3579757383597
2001-01-18,12.243826770618103,6.471406891663623,-34.80144059391341,51.40111341838731
2001-01-19,11.163873230689129,7.999624384641115,-33.53789665732959,50.70150750927544
2001-01-20,14.035926076554258,8.071886521168723,-32.83365510759632,52.06669353562021
2001-01-21,13.999476747340344,8.66042764409806,-32.0739891759195,50.98775449950552
2001-01-22,14.787972316986204,9.048842987699647,-32.25326613760721,50.99640083346282
2001-01-23,13.430979400175385,7.526758916574022,-32.312726273412856,52.501313802936885
2001-01-24,15.117603414397907,9.648149520490188,-32.505391176884956,51.92489162946128
2001-01-25,16.173416742562395,7.783015670083345,-33.044445955563646,49.946130979976964
2001-01-26,15.448609009620535,7.56521728419433,-33.190561247162016,50.77625511658065
2001-01-27,15.168461954074383,8.012312966825716,-32.45528730199485,51.60076348987593
2001-01-28,14.346587779757773,7.78148000898211,-32.360669032154604,52.32463694920539
2001-01-29,15.593874190878,9.425511715299542,-31.313505605943412,52.371656627031186
2001-01-30,14.783686781070317,7.677507081266953,-30.893576085900076,51.65449917949767
2001-01-31,14.766853732954354,7.785689392928979,-31.16196988274208,51.02677791779959
2001-02-01,14.77350690692163,8.254436240790618,-33.146746975591604,49.787982172321925
2001-02-02,13.048224611888099,8.697765486593378,-31.972805453588894,48.746867565915004
2001-02-03,13.625891541407363,9.43184478880722,-30.936724886533664,48.842756170265595
2001-02-04,13.66533994071231,9.696750960403046,-30.75607634577064,48.70424370897884
2001-02-05,13.406018501044114,8.802124940238269,-30.786983376325036,49.35815822222104
2001-02-06,13.016903593032415,8.159086265006227,-29.094683305069363,50.61242273561943
2001-02-07,12.6448463404215,7.701319820286219,-29.977869989787575,49.75265005956758
2001-02-08,11.385285128183181,9.324394924694067,-31.565297042736756,50.80339451168368
2001-02-09,11.779647798282767,8.841672064253359,-32.84401738885685,51.81192694428733
2001-02-10,10.95186924920224,10.12079843072895,-32.758760356734385,51.42595839682576
2001-02-11,13.104999304937023,9.815220697579008,-33.078704055320436,52.06525618119871
2001-02-12,13.664873766366588,10.413771016637604,-33.87617882461196,51.20016804520123
2001-02-13,13.832335668128108,10.868602374376996,-33.31141427033276,50.07815613446243
2001-02-14,13.505011620845767,9.720975633112637,-31.85174190807374,48.9269821029632
2001-02-15,12.396029257906939,8.96295421682134,-31.560968414100515,48.84333731458185
2001-02-16,11.084687324639498,7.563516053107122,-31.462428246449793,48.40839452224094
2001-02-17,9.989553799158898,10.50208776744561,-30.205038566852426,48.471946272677165
2001-02-18,9.371807691631577,9.91477988505086,-30.204975821281387,49.794589625276814
2001-02-19,10.115579407689845,9.687719986748371,-30.23556253157638,49.459755958929385
2001-02-20,10.127980027615036,11.369191070469645,-28.549859262618906,47.36372502730155
2001-02-21,8.854661165595747,11.29443844537063,-28.18464979789878,46.5912669443835
2001-02-22,7.89049683234275,12.922264165318648,-27.768196414159654,46.123236241233094
2001-02-23,8.420188569201043,13.351731949724844,-27.745213762859244,47.0200459801453
2001-02-24,9.976753364580325,13.627350843616044,-29.103475794596395,48.519157385010516
2001-02-25,10.596997877619073,14.621134525353957,-26.99564455295188,50.21521359828811
2001-02-26,9.360153819834565,13.227427175481298,-26.78517256904146,51.143477208973586
2001-02-27,8.548971868979194,13.575628086134378,-27.631261164542682,51.694230036006275
2001-02-28,10.43486659091098,13.254324225861286,-28.934184393259034,51.14839445098135
2001-03-01,8.656984755588612,14.294010084619416,-28.278383105928928,50.94068591303498
2001-03-02,8.670882135946394,13.203796779366385,-27.954806949270075,51.28293424821554
2001-03-03,8.192765803405543,11.296318380634522,-26.667339503240868,51.05049004623124
2001-03-04,7.978255335152829,12.46798602301687,-25.875574793192662,53.64530769182768
2001-03-05,6.783723414463238,13.767913627951579,-24.954285196950604,54.62160091781374
2001-03-06,7.200448891296665,14.5515641082547,-26.129086731134084,55.5111453350174
2001-03-07,7.018695590533255,14.44619080644274,-24.706051005818935,54.41915390309707
2001-03-08,4.418889777447357,16.04682055863153,-23.415812627069617,54.44282462237799
2001-03-09,5.050329681526682,16.778966488432804,-23.148924448033583,51.58895377096716
2001-03-10,7.111843268611484,16.955425931269634,-22.48653373536611,51.579316368746035
2001-03-11,7.632351242946178,17.51735324137891,-22.101889329805132,51.626455653297114
2001-03-12,8.61758014103182,16.74649036602644,-22.169972770052585,51.864726570090866
2001-03-13,6.599739880903346,15.184842775043734,-22.813740883618657,51.11662202761649
2001-03-14,8.390761686348451,15.111584992257013,-23.302620500168715,51.724740038377405
2001-03-15,8.219079475209467,15.352332870892496,-23.176373295785645,51.636339008606015
2001-03-16,7.654206231761821,15.085604317439907,-21.76864911435331,52.125911171003246
2001-03-17,7.060781584946398,15.365555233551518,-21.321676433911062,50.92758088755704
2001-03-18,6.698115699503437,15.142213099059544,-20.198431919348458,52.57898978767603
2001-03-19,5.959627639818576,13.891047763102234,-20.78284990076729,53.90544452455102
2001-03-20,5.213817563948469,13.808951094152976,-21.991187085309292,53.181210492478606
2001-03-21,6.65786365645322,12.002021867139671,-23.223562529960578,52.616967522740076
2001-03-22,8.056854650197858,12.152039332704131,-23.92054958595128,53.681727477486874
2001-03-23,6.598136203168862,11.660903657757604,-24.169859643995085,54.35020324261989
2001-03-24,4.554339369523722,11.820638105549683,-24.326447743807147,54.77522137724313
2001-03-25,3.6364218783333113,11.593233678289234,-22.08364307779149,56.93696495014414
2001-03-26,3.3887986535811416,12.377902121567203,-22.183376309815316,56.5681308476524
2001-03-27,3.3022057928734467,12.917852862578183,-22.715669795177213,56.11054456639443
2001-03-28,3.716849385337037,11.845137327348837,-21.637341012151982,56.21321729289116
2001-03-29,2.7088324633986196,12.111923412146213,-20.126149402439463,55.44664029738149
2001-03-30,1.6211560937672858,10.92888599860067,-19.891114749376584,55.34282610852503
2001-03-31,0.6906439211221925,11.560367977009792,-19.139245571037126,55.22679427864213
2001-04-01,2.599776520569384,11.068511297718347,-19.263638989672817,55.33343726032002
2001-04-02,3.3648262120352515,10.882082027844454,-20.380754039005513,54.36546437220783
2001-04-03,4.70014877643086,10.845548418933474,-19.880383742544964,53.87032158003937
2001-04-04,4.473777912880484,10.25979951596201,-19.792023026519352,54.59760838312088
2001-04-05,3.525004455590445,10.8763820434631,-18.93664921389676,56.007251407855506
2001-04-06,3.5401279905220626,9.684919270138701,-19.067090772501086,56.517605318188
2001-04-07,4.712508867703073,10.851692839517598,-21.233700873114966,56.486391344056976
2001-04-08,3.7784481557107092,11.085977144790306,-19.93156663345846,57.43558806145955
2001-04-09,3.5287183940601516,11.00593647235693,-20.021465152787215,58.70457958178242
2001-04-10,3.3351970912594058,10.794700359200665,-20.011916701241223,56.075991209886624
2001-04-11,4.1381955601974685,11.117331421265447,-21.279742783506933,54.63513303860139
2001-04-12,2.8693244691528155,11.498094682767128,-20.118059544755234,53.71260553862575
2001-04-13,2.8607010846325287,13.011413015374103,-17.51136181465796,55.68382092246741
2001-04-14,2.579081984785927,12.738836123956007,-17.794272113662558,57.448560614419016
2001-04-15,2.7028859250141615,13.33014140758786,-17.265082223435265,56.652619400017535
2001-04-16,2.685492806300398,13.053678253377562,-17.902646243491215,57.1233912850099
2001-04-17,2.979809764388128,11.976604745779458,-16.68256959242149,57.7782547077007
2001-04-18,1.4657875110390404,12.462579814521236,-17.161289017363305,57.70829234318543
2001-04-19,0.8220572118372402,12.880886210650022,-16.239762861395857,56.985922188669605
2001-04-20,-0.07950734651416513,11.89556506101896,-17.55330529955221,56.862971403722156
2001-04-21,1.2925702701621058,12.897132058721624,-16.39603283092284,57.05986611567775
2001-04-22,0.000527257551235838,12.584548255035974,-15.290057359893698,57.09167093043994
2001-04-23,0.8931427101194104,10.728695412340954,-16.251832903613142,57.10995608756357
2001-04-24,-0.08822309074773982,11.010619914116285,-16.192042223226508,55.27030070622072
2001-04-25,-0.6743317577890935,12.065248328295755,-16.027194090177204,54.896972457358586
2001-04-26,-0.13594554907603806,14.347987390387784,-15.689902578876538,53.46214682173142
2001-04-27,0.5277584000242453,13.697989420618802,-16.629160747098343,52.29384252700122
2001-04-28,2.6282639639784873,13.116404800907429,-15.829074820525387,52.29759678700439
2001-04-29,2.759113654795865,12.357986169544567,-17.185744168553974,51.779603215988125
2001-04-30,3.6792530735746274,13.795664876390102,-17.126161316615914,50.56111750185182
2001-05-01,1.415080205493437,13.042384330953709,-17.68182491058832,52.317041436318064
2001-05-02,1.3415845310779473,12.505821484058794,-16.407207436573383,49.18771436944117
2001-05-03,1.8051177814134627,12.42891393215216,-16.19385072858828,50.55886384413475
2001-05-04,2.9785894182860346,13.140586990528423,-17.151272199745346,48.72301541813751
2001-05-05,2.2426400338290704,12.323300534996655,-17.715001295458368,47.16943458745566
2001-05-06,1.8760758227332022,11.59200940120527,-16.64885891805541,47.86124754566981
2001-05-07,1.5812974268911315,12.77518363404484,-17.626950545755204,47.14216320355073
2001-05-08,-0.1204319671192009,11.729632215779453,-16.133324981466476,46.48325099316163
2001-05-09,0.2674767194646483,12.441291100428442,-15.62167906734602,46.39208123953895
2001-05-10,1.6333973483469137,9.725354108056132,-15.880838053822492,48.10623026473196
2001-05-11,0.8945871025736073,9.71915779057599,-15.624773702683246,48.84206479197528
2001-05-12,-0.7379344122657542,9.535990605684988,-15.698265017415338,47.43586737701075
2001-05-13,0.22649861800978421,9.3153099376968,-14.82660273742319,47.36155287078564
2001-05-14,0.4161400384469356,9.11822385003596,-15.056140981980487,47.59193926350426
2001-05-15,0.967790851020002,9.736239372241522,-15.69703159411953,46.23918412726149
2001-05-16,2.033866177422097,11.012386138965814,-16.711514496984766,47.31311957381694
2001-05-17,2.5809773728774488,12.52081650901815,-16.21561517691269,45.693950191455386
2001-05-18,4.199890410921233,12.99225462877153,-14.635141894196616,47.44458515821879
2001-05-19,4.353636718321008,12.57486070307732,-15.882291013771958,48.2733307808315
2001-05-20,3.5218582172325466,12.198744261481774,-16.817897309946233,48.295119505726916
2001-05-21,2.613388987468643,11.783477004958169,-16.101773167406527,47.980981132576
2001-05-22,3.37406476761485,13.245533240187413,-15.517725708309374,47.941799458610014
2001-05-23,1.527523447954458,13.460908365254518,-14.538368292660705,48.613056276626
2001-05-24,2.3666141598164425,13.8242411834676,-14.009425601150108,49.21263004526075
2001-05-25,2.6459057989013366,15.115994765469617,-14.155193748133089,49.536976665020866
2001-05-26,4.299900489397626,15.509451259587674,-14.957044589721527,49.53071727932259
2001-05-27,5.134556121864675,16.48437374969575,-15.225975466257546,50.24694781220358
2001-05-28,5.8614242578710325,14.361231896479282,-16.236345242686347,49.30300029435332
2001-05-29,5.809940724577759,15.378008142494657,-15.923477813193045,50.664619779491666
2001-05-30,5.3100638411201,16.484833873315978,-15.773849820756649,50.014616746592495
2001-05-31,5.79596747836919,17.995213908839055,-17.000499005397913,50.88901693946619
2001-06-01,6.069191145951853,17.43590142143356,-16.941522127236734,51.27057032162374
2001-06-02,5.30908996134511,16.4194671690804,-17.07298152722928,51.644685298320546
2001-06-03,4.197957106784946,14.199958087428652,-17.906181447490937,50.67146076618414
2001-06-04,2.9599613166630094,13.785015050745075,-18.160508614201095,52.23979734492487
2001-06-05,2.9561994234020657,13.022235989482006,-19.97020149431009,51.66132899384731
2001-06-06,2.225108666648646,13.197597733741155,-19.91004612395638,52.599691117038276
2001-06-07,0.5081274485409633,13.712392070243393,-21.993783466562164,53.650363235455984
2001-06-08,-0.7031174799905953,14.605469338005488,-20.030653309404475,52.454613984844045
2001-06-09,-1.2720303731307327,13.956111769348892,-19.497236062324337,53.31345401749157
2001-06-10,-0.5840369374154704,13.758141684488624,-20.466206427627405,55.847212303050995
2001-06-11,-0.11091476562209723,14.371260442185061,-19.247849035490994,56.70970265400509
2001-06-12,0.3601439921084603,13.748963707440621,-19.8612934807187,56.44097988329223
2001-06-13,0.8606905859289242,11.887323250271201,-20.789901862589552,56.51641072268543
2001-06-14,0.5165537696932622,13.788965819085096,-22.86908631015907,56.04254655914908
2001-06-15,0.35752854111526605,14.345680246098452,-22.667206304468216,55.275897109358134
2001-06-16,-0.5747797365017582,13.209605485443898,-22.14277628296879,54.02323258394584
2001-06-17,-2.7389996158148833,12.611724764566373,-22.938844134588503,53.905896468975655
2001-06-18,-4.821396931637173,12.516038482725367,-22.35267834274913,54.17324324432828
2001-06-19,-4.582051023376547,12.619445813089264,-22.207392502104852,54.19463464366551
2001-06-20,-4.291574239236087,11.785299463390556,-21.369416191451155,54.78818441668646
2001-06-21,-6.297179975980687,11.019711755422229,-19.829752812902257,55.13481258468181
2001-06-22,-5.449231423711584,12.085983332953273,-19.775030046640676,56.729730605213646
2001-06-23,-5.789086769815432,10.664382656667918,-20.693315312016114,55.81222931568077
2001-06-24,-5.584207353826772,11.811040939938442,-18.97645417515257,55.82954254300746
2001-06-25,-6.214215765701843,11.26347518042462,-17.95901086294248,54.21882373213785
2001-06-26,-7.116085006792129,10.798922370994182,-17.78754451730621,54.07288183100679
2001-06-27,-7.003156626647117,10.822554163178898,-19.584027538214226,54.70593884605179
2001-06-28,-6.8665718046021045,10.669412261571384,-19.127801356336764,53.978756263492656
2001-06-29,-5.6505593682565625,10.72383780321281,-18.98754290075317,54.985298143785016
2001-06-30,-4.05526457992147,11.058669822987715,-17.698833183674424,54.318550185535535
2001-07-01,-3.0541433564917897,10.501241649588922,-17.00828837514891,55.647512589610955
2001-07-02,-2.9667177142199117,8.713664849477471,-18.148854637248203,55.42296149007732
2001-07-03,-3.6373742747557767,8.350523234320958,-17.099772617762518,54.27693455751179
2001-07-04,-3.06628082998216,9.605316819134949,-18.741696355861013,54.34576307639195
2001-07-05,-3.0255006510638207,11.616211515018884,-19.833634579768813,54.32336286079389
2001-07-06,-2.7973810536455437,11.240288233864938,-20.911700522571714,52.73035910850745
2001-07-07,-2.1947659178058507,10.275820082181038,-19.81028946192811,53.08528126128385
2001-07-08,-1.856532489504707,9.115416328313405,-21.482506120670045,51.26013563306749
2001-07-09,-2.426092350399215,8.388993894619679,-21.026706134786895,51.20358118442704
2001-07-10,-3.301252303085148,10.43533663648601,-23.644849382163834,51.00283419395912
2001-07-11,-1.8394781386413457,11.880760024151035,-24.139527153913335,49.44695414692182
2001-07-12,1.0580260675945028,12.454263966849956,-23.621441211478153,49.99043941225402
2001-07-13,0.0912298503626009,12.619413090541205,-23.067732790095842,49.12266550178884
2001-07-14,-0.2502894713137603,12.258642669284356,-22.772991877163772,48.3834398063308
2001-07-15,-0.6650887801164669,13.666527227112418,-21.51926821897217,49.04476602804933
2001-07-16,-0.8662729196390825,15.428905653726291,-22.66495848849162,50.255855777839805
2001-07-17,-0.6159750919584475,15.892353067120554,-22.650621036171373,48.282275903214746
2001-07-18,-3.9269709310337655,15.950734076653747,-23.31663724398031,48.817926763991636
2001-07-19,-2.983599955521457,14.897154446469301,-22.072836888951798,48.92915484286921
2001-07-20,-1.3219484380752302,15.085526242825111,-21.298013066954425,49.583675193325796
2001-07-21,-1.2086318704945578,13.705269727573825,-22.90065217494442,50.76986700068218
2001-07-22,-1.7449511669325595,12.372398447581954,-20.774914183286914,49.828199510681735
2001-07-23,-2.3894744936616474,12.532350023664248,-20.129371821429178,49.51383860543905
2001-07-24,-2.5124166294945596,11.673261038233562,-20.877224919262197,50.9487947047801
2001-07-25,-1.4742051184311444,11.25852203231217,-19.955703685362355,50.85233504424129
2001-07-26,-3.2501679813119106,11.205173774866676,-16.78642837867327,51.203647525181744
2001-07-27,-3.6856564424421414,11.653773621362616,-15.15678871186009,52.411297194040124
2001-07-28,-3.54556794195504,12.316904626044508,-16.621182047432097,52.85103008009128
2001-07-29,-2.6588799031970827,10.920330971619851,-17.0741060730562,52.7770570607563
2001-07-30,-3.445970994994063,10.014269970370446,-17.945760364373555,53.26455379786981
2001-07-31,-5.5433532104828,11.004102822033857,-18.345382003601525,52.82589186725942
2001-08-01,-6.126396714809214,9.320785723447363,-19.142827699311642,54.072662548030934
2001-08-02,-7.042787922381848,9.617433893660127,-19.796084850849,52.26758928172408
2001-08-03,-6.445824837042688,10.998171219175475,-20.105039338771164,51.9713424062362
2001-08-04,-5.667054351849424,11.476018334560862,-20.93296146337121,51.949376859885916
2001-08-05,-7.070332151456037,13.175713134145886,-20.554465920634005,52.1661300283955
2001-08-06,-9.730478485836604,12.145763565053018,-19.788759752411664,51.95636260239402
2001-08-07,-8.990707650306902,11.747041351377431,-19.828441403520827,50.147052949604955
2001-08-08,-8.194947343869217,12.749345472453369,-20.302238633397113,51.07534125774738
2001-08-09,-8.609003030663018,13.156691005479324,-19.394678768323104,50.841568411728616
2001-08-10,-9.750753116575744,15.37212998304921,-20.438653989894405,50.27593399311947
2001-08-11,-10.18039141089278,15.885252189836724,-20.488486906682905,50.64151593392473
2001-08-12,-9.093504674121354,18.06360285982325,-23.79648639655703,50.27148727107946
2001-08-13,-10.491507743853553,17.130168373907374,-22.66129827714453,50.68663777533428
2001-08-14,-10.623292967522692,15.463656133788717,-23.531732656825117,50.16397792720746
2001-08-15,-11.260174882400072,15.05550011947275,-22.487551208453908,50.157099829119296
2001-08-16,-11.77688414935437,14.39384970896245,-23.02517910873255,50.551927197248276
2001-08-17,-11.917183202976751,14.998799049580326,-21.405189182740468,49.86738674730338
2001-08-18,-12.29971572090056,15.758801454673032,-20.812794710295137,48.885919290788316
2001-08-19,-13.667853395928745,16.444030279133322,-20.32439782768846,48.98006559028166
2001-08-20,-11.34241520726518,16.843533291226443,-21.87056454436584,48.51355437427757
2001-08-21,-10.99178852165056,15.940360093558843,-23.265799219038584,49.57445495315799
2001-08-22,-11.777837383698746,16.31574391533937,-23.266179646898756,48.610769240762195
2001-08-23,-13.298874823785393,15.194539363387042,-22.802809981398596,49.576664388605266
2001-08-24,-13.717823694054193,16.575917117059774,-22.602062955898266,49.608281939727235
2001-08-25,-14.865922122791963,17.318418301176145,-23.453779947226565,50.48586265627887
2001-08-26,-12.884964347714558,17.00772406592445,-22.902188327508533,49.76301602588838
2001-08-27,-12.96466825756105,17.11037500307303,-21.038405257457985,50.39324594255645
2001-08-28,-13.934780604310173,18.156902523772757,-21.556079085836444,50.18259412827124
2001-08-29,-13.325575975469649,16.993910778197534,-22.427872753519,51.4823555039956
2001-08-30,-14.305125623081803,17.692424655564153,-24.60569986112084,51.001351979781575
2001-08-31,-14.137205370169518,17.5643832309189,-24.705896954532555,51.19921627238932
2001-09-01,-12.853608058607048,17.950455642997863,-25.041556246995388,50.568678241926534
2001-09-02,-12.229870614515889,17.056173351125576,-25.3822205734935,50.10590173696311
2001-09-03,-12.43975030593924,16.177502020231277,-25.79973420643729,48.454755556422725
2001-09-04,-12.05175155017885,15.19497867178483,-23.704571528988538,48.177212850820744
2001-09-05,-12.637187941373401,13.401951833671664,-23.536061252224314,49.13099417089631
2001-09-06,-12.753879009088044,14.092999741123727,-24.721958784357497,49.59137443375305
2001-09-07,-13.719699039260297,14.560570028903008,-24.469005380811723,49.17494231485785
2001-09-08,-12.195234975324341,13.843423608644995,-24.961504135277167,47.25034114966618
2001-09-09,-13.026792431125568,14.271204218023616,-25.32076777164046,45.57844907015569
2001-09-10,-11.873742936530292,14.092088035819511,-25.569472425385253,47.10982852134498
2001-09-11,-11.469393486284185,13.561885287902983,-24.080652897170456,46.998529813473155
2001-09-12,-11.299954295211723,13.343625041231736,-23.140983712408527,47.805915441794866
2001-09-13,-11.735702798571616,13.980525849010004,-23.337985227783694,47.21487824640334
2001-09-14,-10.207201006797376,16.008660631877813,-24.876488657568355,47.243545356613396
2001-09-15,-9.862591696731526,16.370936168884068,-26.343901070432572,47.01957895555368
2001-09-16,-7.879883644329166,17.925557256417502,-25.36603437450592,48.125600703953886
2001-09-17,-6.093432138534491,17.24226098011111,-25.972161770760096,48.90082319479667
2001-09-18,-5.4585551489417705,17.863061120150018,-26.45103843333357,49.89431090729422
2001-09-19,-5.535515746545179,16.388960495332046,-26.392592774978777,50.153794365762515
2001-09-20,-5.745700435616188,17.254544828698357,-27.344487424191826,50.8594075110115
2001-09-21,-4.941747968370793,17.2127768132026,-27.152114790891424,50.09425069389138
2001-09-22,-4.380511853623129,16.66729001857377,-26.661603167074368,49.58175614464418
2001-09-23,-4.725831350203575,15.923818759633162,-26.744175938589375,50.17067486437154
2001-09-24,-3.882630604441289,15.540229275137404,-27.391461545359938,50.829668246098606
2001-09-25,-3.03670980141149,15.381728139770068,-26.472770275320944,48.23504676795816
2001-09-26,-4.358227893697878,17.24228726622746,-24.815816532840476,47.42800779188119
2001-09-27,-5.195521339424431,17.22602855529475,-24.35569974731423,47.997084171501456
2001-09-28,-6.751797161883747,17.085785859791297,-25.10302133199933,47.36222326625031
2001-09-29,-6.752312311516896,15.625559483999103,-24.115937108374954,47.440781855397354
2001-09-30,-6.5547183199440076,15.60385992656764,-23.107411299753828,46.91288701283593
2001-10-01,-6.471396417324498,14.18819838904577,-21.24923165984636,47.01087859089961
2001-10-02,-6.2042571149284695,13.815965842749314,-21.646887752910377,47.74226472992808
2001-10-03,-6.1259109393711775,12.978528069073386,-21.075612721400493,47.46402524065856
2001-10-04,-5.446207301222202,12.065057041429258,-22.380197904768632,46.65748195553352
2001-10-05,-6.236222727854604,11.537731311384096,-22.84061968053924,44.90169162983314
2001-10-06,-7.016478515438768,10.57966239392615,-23.049927023986843,45.207697972291875
2001-10-07,-8.002399433800402,9.271323033303071,-23.224408399183684,47.863868289166284
2001-10-08,-7.6949499080338075,10.99508060307462,-22.35373502669041,47.4352176452207
2001-10-09,-7.41000968776876,11.889271519230135,-22.236894241475948,47.41794390379125
2001-10-10,-6.87688688713317,12.94248627921024,-21.724462863627615,47.681400707259165
2001-10-11,-6.488081459423909,12.91084319251453,-21.51109567345692,47.21179557582412
2001-10-12,-4.951585889930011,13.431761918117198,-20.612803107698838,46.97918828101303
2001-10-13,-5.143380191199725,13.004353728475195,-20.198191358368856,45.66427199078619
2001-10-14,-4.6994790773715724,14.27028373038266,-20.481971425154903,47.538645403327905
2001-10-15,-4.011922029094023,13.290605233461736,-21.877200587597937,47.410420413681734
2001-10-16,-5.841533801168094,10.427173657541918,-20.819828136467528,48.707526582204686
2001-10-17,-5.4132046013517785,12.039577292694334,-20.101316964430065,48.604008723584876
2001-10-18,-6.549432530440004,11.020278085738013,-21.899374791587128,49.673687027144226
2001-10-19,-4.069783910463908,13.201859354796225,-21.674078969694563,50.042120181558396
2001-10-20,-5.019908041228481,13.568375983209954,-21.174924144006862,48.90718389959786
2001-10-21,-5.177184154398205,15.161607074082587,-20.60749704750614,46.91251568716575
2001-10-22,-4.0010374126974,15.176379927755091,-21.356672522913147,46.042293708537564
2001-10-23,-4.511654849590218,13.503974894073997,-22.463503381914467,45.87470312850238
2001-10-24,-6.169249344301857,13.370371547859616,-23.773394770075456,43.8272762415451
2001-10-25,-6.344342572212118,13.661307312667432,-22.37494780638589,46.96107034719202
2001-10-26,-5.1355019053358415,13.5570486899105,-23.440944128810138,47.61693112502922
2001-10-27,-6.873255736829043,14.757170592738978,-22.665296092304082,47.507898475524186
2001-10-28,-8.752555616801072,15.213142753087265,-24.79994866423462,49.865180068810545
2001-10-29,-8.683272091274857,15.273994373007653,-25.526670951170754,49.37753920937501
2001-10-30,-7.73982481891097,15.39696406391046,-26.10106042345774,49.08712014112947
2001-10-31,-5.125217136432601,15.603471657828381,-26.757837772424264,47.88479446862209
2001-11-01,-5.166184521384428,16.168801736725783,-25.86390149000789,47.29794178410439
2001-11-02,-4.4665285707486495,16.607987125078395,-25.383236992980677,45.197411985875206
2001-11-03,-4.4589297919479165,16.615725476139126,-27.031012161406878,45.52031553086467
2001-11-04,-4.360677033243112,16.30258074256863,-26.779121097957827,47.26053664008224
2001-11-05,-3.449745554421178,17.685268807671363,-27.76962213865593,46.09371785841178
2001-11-06,-4.650356874476154,16.046525015126,-27.592276996885964,45.53223432329155
2001-11-07,-3.153145957133389,15.808082289398522,-26.463811648434238,47.240809812625784
2001-11-08,-1.451902073287262,15.546053900003407,-24.695814163970308,46.24173204564513
2001-11-09,-1.421421290216127,15.732758349674054,-24.030041589876845,47.15282584854048
2001-11-10,0.9773941198357761,14.875538678093857,-24.196108896539766,46.980818862070514
2001-11-11,-0.6448526704521746,17.823448780174594,-22.611864180666547,46.96026430520644
2001-11-12,-1.1329558883994115,17.408557956926263,-23.043309855947626,46.212807985646634
2001-11-13,-2.3064207003742236,18.283862774107725,-21.49998985400711,45.64459179740866
2001-11-14,-0.8429823068481108,18.296414199287227,-20.956593118500216,44.26685296786149
2001-11-15,-1.2597202286283382,18.14052102764706,-20.90965199840659,42.292828239437284
2001-11-16,-1.2070106012214499,19.43632427234974,-21.585065503371077,42.349409150351754
2001-11-17,-2.2909034738550047,19.06855019591733,-20.681016824857323,42.03024001795826
2001-11-18,-0.7114411112943706,19.381893590904863,-22.610101177603482,42.17687734762901
2001-11-19,-1.0908517232448274,20.39936267404537,-21.895965011227844,41.03279876990299
2001-11-20,-2.0578315206770488,20.66268737403362,-21.813214120358438,39.78479919435748
2001-11-21,-1.0944440805354856,20.758722021952998,-23.37730659936012,40.33505662477073
2001-11-22,-0.0860534397167565,22.938305906790024,-24.423562750735776,40.46359617275167
2001-11-23,-0.8665542987343181,22.830572813492992,-23.91048592373577,39.15037992591991
2001-11-24,0.615155140629205,21.87195305262763,-24.855580351787445,37.53097035150999
2001-11-25,1.5665428257068994,23.429190551185666,-24.96375961345553,38.87796611928847
2001-11-26,1.7825230036017865,23.702269647116644,-25.800922492575236,37.99872309024143
2001-11-27,2.161998537989482,25.251057859601584,-25.639865772253412,38.120525435255225
2001-11-28,3.288580085513212,24.130319421745064,-25.379998803218044,38.49342236349737
2001-11-29,4.261392794563963,22.814046828274673,-26.17223469884635,39.68419134314875
2001-11-30,2.6272795630342336,21.818556747618505,-27.598195445604947,39.263151717402806
2001-12-01,4.232592195413751,21.88776638012261,-26.304355650222313,39.49764537627054
2001-12-02,3.176566428838674,22.297767916659815,-23.666490391653426,39.49785655681842
2001-12-03,3.273812296326664,22.014263123560365,-23.68235739573937,40.823488516661286
2001-12-04,5.213919428800083,21.63250240260934,-23.615797887780147,40.13368878079599
2001-12-05,6.538923191099143,21.778708098550535,-25.036852410862956,39.84583779614328
2001-12-06,7.624222513888128,21.834968121386886,-26.07609692088463,39.820058859268826
2001-12-07,7.327882818336021,24.148082930592242,-24.73727705922769,39.86217179871702
2001-12-08,7.131916567591194,25.41004068204134,-22.96846694276719,39.53306106821579
2001-12-09,7.408670686355597,24.314022908447527,-22.820917827261397,39.40226472291248
2001-12-10,5.8943299054907525,23.302743625762275,-22.54439788388576,39.44801754635209
2001-12-11,6.199020689057106,24.969208579588074,-21.917525951489765,39.36426523489924
2001-12-12,5.897251544490768,24.136554212316625,-22.458580096402784,39.12879644901162
2001-12-13,5.0714003801670025,23.74404789236842,-21.518951268528333,37.91918975669026
2001-12-14,5.354915773996024,23.357678949869715,-21.532951160204803,37.744699388984344
2001-12-15,6.919812924426744,22.56889520914697,-20.688774383751667,38.40384871394342
2001-12-16,7.695576839236657,23.621360635711355,-18.223479004409246,38.07819918118088
2001-12-17,7.399371829816256,23.059050223894015,-17.284591523327894,37.25138119207252
2001-12-18,4.494612148895095,23.57348733144516,-16.563799499666413,37.8859381123742
2001-12-19,5.041859688833982,20.79100007654895,-16.100909753618,35.41971093876754
2001-12-20,6.58435667833154,21.29480942132376,-15.338572166551327,35.69252066322834
2001-12-21,7.637965573436924,20.63048002875047,-16.08414066178307,37.97404205368503
2001-12-22,5.828014384484364,22.32582069675126,-14.785853135760362,38.799430422279514
2001-12-23,3.5456894185867194,21.69545047439378,-14.664286372851448,38.77737461725186
2001-12-24,2.5685860537294913,24.24575801681693,-15.695752673144437,38.508650794283675
2001-12-25,3.0464814501911506,25.03167352111484,-15.868040761135656,37.98461037951896
2001-12-26,3.777470831331805,25.343993056212003,-14.985572515150132,37.06780685408626
2001-12-27,5.559692621088351,24.448090034993243,-16.069880192279903,38.62936332569251
2001-12-28,5.777716641390324,25.07702659874312,-15.909974139213777,37.45503891044418
2001-12-29,3.4887618562955023,25.255837774888484,-16.233905317151347,38.15158384767934
2001-12-30,3.078834773743041,25.96685876484867,-14.406103959696548,37.40450169746356
2001-12-31,6.884541486840528,25.04384285726703,-13.853847142764607,38.66123211517876
2002-01-01,6.4206315332491695,25.472391083617154,-13.34178988396377,37.19113377806066
2002-01-02,7.078061177951179,28.23993610547152,-13.728314120298922,35.44671793193505
2002-01-03,7.358526652777981,28.189567431135412,-14.245139197337373,34.90473232837925
2002-01-04,5.988275225046512,29.51027641721838,-12.204308116091731,34.9446518985904
2002-01-05,5.262579447728397,29.926103802230955,-13.04838558322516,34.00118996563445
2002-01-06,3.043942698265787,32.3381155380751,-12.253462384577192,34.60249809802813
2002-01-07,2.4790069524442386,34.97424438963537,-14.377363295949047,32.750762429566265
2002-01-08,1.0242979516983557,37.05220011837859,-12.414714173820185,32.51235080143415
2002-01-09,1.6553399961032125,35.83626098839171,-12.645510910608424,31.551561596496274
2002-01-10,-0.6852896519980112,34.935635260018564,-12.421727311657204,31.61102718877987
2002-01-11,-1.2125711708562754,35.56595967934529,-12.488261999722631,31.525804386212638
2002-01-12,-0.4307280855087572,35.512622944300105,-14.23050359674202,32.17607268048606
2002-01-13,0.5366118618859829,35.482750998162864,-14.627902693251718,31.570428917902028
2002-01-14,0.7185265163127631,34.98519849074208,-16.421969662906015,31.889849681577587
2002-01-15,-1.2624175977856034,33.6595725373648,-15.056641384972211,29.60844845844459
2002-01-16,-0.9352557312755515,33.68426040338695,-16.262855937408645,30.215429827065453
2002-01-17,-1.6415392217866913,34.209793470762975,-16.831058668152053,29.64654267163551
2002-01-18,-2.3267593343873294,34.759332249946084,-17.330192058208933,31.05846534484834
2002-01-19,-4.709632018266243,33.36316860390431,-16.987951524337106,30.16298880678984
2002-01-20,-7.879025190944506,34.465541969476085,-17.126530657283478,30.28694966287404
2002-01-21,-8.184298339845927,33.27401156968962,-15.376966792130093,30.12629636112262
2002-01-22,-9.361305800798563,32.72828026541003,-15.673897798105843,31.125799653249402
2002-01-23,-8.994838808948732,32.364705032583586,-15.577285106956253,31.401097078047435
2002-01-24,-8.08494679866498,31.89429265347516,-16.059480838282518,31.903110712481187
2002-01-25,-8.368119400170986,33.95048501089148,-16.97372492016374,32.597902845358774
2002-01-26,-10.158226615291802,32.53012949463474,-16.740970194733727,32.54577457748729
2002-01-27,-8.38358413580474,32.657236388017125,-14.772737026730587,32.262226861024295
2002-01-28,-9.603961096773087,32.54978722906027,-15.017128326058259,32.22653298897704
2002-01-29,-10.926133632131314,30.724554560910946,-13.812238387777617,33.12950131091377
2002-01-30,-12.040906828029065,31.006734472218376,-15.881127143799265,33.636063478463164
2002-01-31,-12.047866804242345,31.064532729241837,-14.69502621943408,33.230832759767196
2002-02-01,-10.478284030938328,30.08135851316293,-13.969441026024112,34.614890074726766
2002-02-02,-10.045518245002906,29.61267700944092,-13.994798270309502,35.34285510504155
2002-02-03,-8.494665949520638,29.684446045362314,-15.008785657515611,35.159851343574005
2002-02-04,-8.129157003696292,29.901585415716685,-15.664422420338184,35.312058368988396
2002-02-05,-8.901131713566498,30.264819849625276,-16.132170790010864,36.37488071683713
2002-02-06,-8.181065738914796,29.026924793438038,-15.93813366110835,35.68324652711421
2002-02-07,-5.714520172453125,29.655840686463886,-15.301314289609381,36.14964930935555
2002-02-08,-4.155670995574624,28.753949055334832,-15.527554635035862,35.73754955767969
2002-02-09,-4.729733915381509,29.561654141893968,-15.315198898585244,34.20486033424864
2002-02-10,-5.2274852082272725,27.839942938940677,-15.240109054214171,33.12818088125435
2002-02-11,-5.222752163176572,26.649225434046816,-14.592962707213333,32.420967661974586
2002-02-12,-3.5258832414832915,27.844321007489306,-15.574711966789472,33.04185685441801
2002-02-13,-4.5909358382281775,27.847623285102642,-17.194245170633756,32.58106443674163
2002-02-14,-4.9266110444152975,26.664781963868386,-16.12175436025903,33.773582352036755
2002-02-15,-6.228818252103179,27.459240285653898,-16.787337331344702,34.455673992808215
2002-02-16,-6.467054991529553,26.245910865963616,-18.026946335046013,37.385143499341716
2002-02-17,-5.4157949051002845,26.92656071818112,-17.689205620184886,38.75760975715815
2002-02-18,-5.153142871888671,26.721712103589578,-17.80390190183303,38.13791922903608
2002-02-19,-5.5129166000587855,26.865492161392968,-19.598249647050658,39.551094330726336
2002-02-20,-6.97124118278393,26.101180322013636,-20.102471049739712,39.850621298565784
2002-02-21,-7.034249779034857,25.628916742397337,-20.71790676859863,39.0167829319964
2002-02-22,-8.439960662383111,25.011323359393657,-20.863458222557043,38.08233509125176
2002-02-23,-9.322288401083373,24.43967487234037,-20.13087795231313,37.69360614162861
2002-02-24,-9.440042087220709,23.280787401146746,-21.30583931707254,37.084427027254385
2002-02-25,-10.669617887948013,23.465510476198666,-21.828143706544243,35.96819226563625
2002-02-26,-10.83632496001758,23.650372523558193,-20.68991631410515,35.127933097846
2002-02-27,-12.43654671621131,23.301456094274446,-22.33133885868845,35.31955515290915
2002-02-28,-12.128554585405052,23.203892385957893,-22.77051545652834,35.46769672213834
2002-03-01,-12.080089561832597,22.196657963653657,-22.362964074258052,36.43332655485136
2002-03-02,-12.91264827220953,22.399767012489253,-21.4781846149028,36.79591679182876
2002-03-03,-14.436141064700903,21.988755400218025,-22.114183966569918,36.728793629975875
2002-03-04,-15.233035004288483,21.437928003636394,-23.172425325134558,35.37216123394152
2002-03-05,-15.245346810679914,21.396621644772015,-24.462059872530293,34.842665245350474
2002-03-06,-15.391043702583776,20.806240560812057,-22.97343939049102,34.58400696188192
2002-03-07,-14.31099900134718,21.60646873262698,-25.221117012160946,32.92801017896876
2002-03-08,-16.528217271490306,23.638256754353026,-24.62516018894716,33.42617772905993
2002-03-09,-15.893155564052568,21.8402289576502,-24.980648104962,34.54886316547242
2002-03-10,-14.096434087595986,21.379510878548775,-24.620693982931463,34.46597911792626
2002-03-11,-15.380511066780725,18.70425478397491,-25.262734337546068,35.136914775201035
2002-03-12,-13.766757873566396,19.96540958927975,-24.450591051448026,35.80792354513138
2002-03-13,-13.021901619423284,20.64214611310506,-24.90964137692344,36.080347613665545
2002-03-14,-12.81257522497923,21.135500673544417,-24.04698589462052,37.43292691636113
2002-03-15,-12.228274732745819,21.775589180841425,-22.880298971430754,36.298521855900425
2002-03-16,-11.587366993729045,20.001038447955796,-22.3095459131749,34.43211563424708
2002-03-17,-11.412279690572142,18.34042215454644,-22.47682743264984,34.652622703251076
2002-03-18,-11.855370914253525,17.897785127059965,-24.02759532353521,34.183252956688484
2002-03-19,-11.716973411444275,17.052029632526693,-24.309157943642738,33.09137422831915
2002-03-20,-10.852024543793076,17.395585921324283,-24.693532752879058,31.240171688482366
2002-03-21,-10.012698258920132,17.43118849694352,-24.438922201751996,32.6592156487165
2002-03-22,-11.46252150380937,17.521205573407787,-24.784722535081603,32.76506180618793
2002-03-23,-11.647467768699546,16.416105119300596,-25.09743914446249,32.445918276494695
2002-03-24,-11.337102673624905,15.638620374328482,-24.433009818228903,33.12031102483455
2002-03-25,-12.045184237119754,17.004890483802807,-24.00992468413256,31.934009551218466
2002-03-26,-11.275059042450211,17.47430338030735,-24.183032079950042,32.348111711804535
2002-03-27,-10.711015593697494,17.50351162246698,-24.92424469226162,33.92072079450733
2002-03-28,-10.9304490770746,18.19195207259922,-25.543808157053252,33.37199918071473
2002-03-29,-10.454087086913034,18.095768324272438,-26.888635745744374,32.601229214082366
2002-03-30,-10.7582962114359,18.838934303927232,-27.498433944782946,32.436614082166564
2002-03-31,-9.139760110235803,18.69172878480782,-26.367919285079395,33.046264769934034
2002-04-01,-10.045736268439978,17.665222869480477,-26.667711109428193,35.76661871724248
2002-04-02,-9.622775530903299,16.619180359140103,-26.818875306112226,35.300471623145675
2002-04-03,-10.316786740848318,17.892647109695737,-26.74104992193971,34.08270311140283
2002-04-04,-10.51675577832112,19.2957458173203,-27.89304480399941,34.72391440585349
2002-04-05,-9.37990386252766,18.61608371828403,-29.749957998609787,34.24954374388327
2002-04-06,-9.453229686770028,19.850052499400608,-29.83229108088778,33.53558281903536
2002-04-07,-8.792778539578899,19.648726051528335,-28.95808506410565,32.10618881915549
2002-04-08,-9.689489208408437,17.84304195367798,-29.873844191381504,32.21745592206812
2002-04-09,-10.03183120807624,16.29816854781614,-29.499563589816333,32.104572733550455
2002-04-10,-10.27126152945534,14.88941562855568,-30.339624903506532,32.381167814154075
2002-04-11,-10.608037743744852,14.492454087306356,-27.803304637176037,32.61785657804446
2002-04-12,-11.612601470133708,15.01494394633289,-27.863402872082634,33.46773453838336
2002-04-13,-12.198152842988666,13.485459499910727,-28.327652371392826,33.26078536266099
2002-04-14,-11.627163794011224,14.050429059418688,-27.973530873564957,32.51343108296943
2002-04-15,-11.604364526389775,14.59252499477233,-26.98743148041604,32.749844668463105
2002-04-16,-11.880419708573104,13.238968617382463,-28.162660537606005,33.1590624161724
2002-04-17,-12.028778108868584,13.091043074180098,-27.549990888841595,31.504862615702905
2002-04-18,-12.161739651834235,14.259264713009308,-25.77494563022526,29.499218040445434
2002-04-19,-11.817861371342051,15.417828364037476,-26.821238693049562,29.786243847829642
2002-04-20,-11.59761441248892,16.347893853577595,-28.121497382663556,29.87577702344855
2002-04-21,-12.263499454821073,16.984851952984656,-27.428429333677236,28.654933836485895
2002-04-22,-11.646441988792546,19.1690815343802,-27.681887829257224,28.5656321685981
2002-04-23,-12.349465220950764,18.801712221892842,-29.5501577439648,28.497237996428314
2002-04-24,-11.78100827661175,20.299156689431875,-29.19832020077717,27.999877488543202
2002-04-25,-10.870609018217502,17.7112565896955,-28.87765464158532,29.15944507013115
2002-04-26,-12.858607502859467,18.98042623958205,-28.037533495575225,28.20778306851593
2002-04-27,-12.55497027270553,18.618714402501965,-27.755980674435907,28.14137407020562
2002-04-28,-13.900194959427452,18.657901482992038,-27.131039865117824,28.277570360504086
2002-04-29,-13.829407602125217,17.420692019557897,-26.164056939103407,28.701825716244436
2002-04-30,-13.283758998994577,16.096909264282367,-27.044534186221707,28.539054149144196
2002-05-01,-12.589806916808934,15.046122064649467,-28.085810034352303,28.806986165063137
2002-05-02,-13.314816525680671,15.906301470897066,-27.67012994017287,27.416674700190768
2002-05-03,-11.392899373278826,15.793710486817533,-28.32179203256838,28.50580713967653
2002-05-04,-10.657476113362728,17.75574835066659,-28.276491644340854,28.669580230041568
2002-05-05,-13.544364558792617,17.238880524463518,-28.196535465384184,26.631887058467566
2002-05-06,-13.120100140108223,18.87171068447147,-28.13964992610067,27.626086103912087
2002-05-07,-13.088445776087754,18.989331578614117,-26.54441553060849,27.39083800999581
2002-05-08,-12.153387682596772,19.106830877693596,-24.547648104400714,27.95853132528092
2002-05-09,-12.836162667623011,20.507122016068944,-26.686601109486915,26.62069125570925
2002-05-10,-13.41640446015608,22.40877667045387,-27.260697113534288,26.459741971418357
2002-05-11,-13.693466211017844,22.598013198128253,-27.73399448149675,27.526075696864915
2002-05-12,-13.864523321036161,22.411921433963972,-27.553713592091412,27.659578779172268
2002-05-13,-14.914712549309243,23.14374630135304,-28.624059110949222,28.176549553211125
2002-05-14,-14.55396128209849,24.956475231912666,-29.004281636063197,27.48496191974598
2002-05-15,-15.687130356679528,25.377512918734705,-28.85650116047253,29.921225623408716
2002-05-16,-16.853741834214585,25.58755183739257,-29.704305546572478,30.54299835843019
2002-05-17,-17.572016762209635,25.446766555642597,-31.704545656135263,30.16476445727727
2002-05-18,-15.664050992703862,24.8775585945169,-31.912110962066762,29.353720117441704
2002-05-19,-15.13953193944729,24.914792391499372,-32.13900481654788,28.48398374663098
2002-05-20,-13.567031522711728,25.748218108408196,-30.803397691204626,29.11459110420304
2002-05-21,-13.850977756193604,25.807147005778383,-30.97028558174522,28.254978997349816
2002-05-22,-12.765014129864726,25.63246275918908,-30.269774134278208,28.416285773183287
2002-05-23,-13.394463511920497,26.154399546533284,-30.777311050810994,29.300871344547748
2002-05-24,-15.789680045964975,25.078922829846043,-31.62382172735629,31.59209905480206
2002-05-25,-16.072849278834305,25.22856083114497,-31.88346773327925,29.820565580893792
2002-05-26,-16.37225028126907,25.958332189788223,-29.86343993297159,29.85413715695234
2002-05-27,-16.25867300410036,26.427980807201642,-29.70763075679767,29.88986239527029
2002-05-28,-17.158258402866107,25.113202986876132,-31.09838726141715,30.291626661401466
2002-05-29,-16.33217742000063,25.094459543407577,-30.475606911203922,30.646249295522917
2002-05-30,-16.952116302227658,25.690088233761504,-31.240654009993957,31.148753897162578
2002-05-31,-16.074652894428194,24.792049874100247,-33.134959047085815,30.932151198009237
2002-06-01,-16.42181300676444,23.41402601353315,-33.95825359439544,30.297591365436773
2002-06-02,-15.206003829929601,24.35891067163209,-36.16662373472865,31.12515823803788
2002-06-03,-14.219584366959875,24.560343658024973,-33.835818725148734,33.14268849644586
2002-06-04,-13.606575646609876,24.779010385261778,-34.58401778515371,32.75797212471265
2002-06-05,-14.619518189548986,24.936507619352742,-34.3773237072773,33.531267724979536
2002-06-06,-15.241784488264939,26.015704316734826,-33.964016734775804,32.14579006478865
2002-06-07,-16.01074698446083,26.957723079901424,-33.36804712471202,32.22883113777973
2002-06-08,-16.399194355860782,24.86579454285755,-34.33810598351933,30.340518571467854
2002-06-09,-15.881341174657358,25.129452018999075,-34.13795253655672,32.385857006631866
2002-06-10,-15.693266970133916,25.635699028910402,-33.98984538448048,34.65783492521708
2002-06-11,-15.699198765142816,25.739992572822675,-34.48880462941493,35.021557768801806
2002-06-12,-14.619578610245037,23.563518393141642,-34.07375268634084,34.92633888115839
2002-06-13,-14.076217465638823,25.88965399468741,-35.81217914381512,35.03000219106916
2002-06-14,-12.754139748172564,24.93408236167267,-34.35904428770689,35.94440753406906
2002-06-15,-12.452631556798446,25.806188559554936,-34.1539889743218,34.96825702678185
2002-06-16,-12.99483463173606,25.637306591251466,-33.282185997614164,35.274532210943306
2002-06-17,-12.501717691029334,26.476088864041035,-33.354697410675705,34.86356503759897
2002-06-18,-11.689107330328458,26.249931658034324,-33.33968557671454,33.76688627978083
2002-06-19,-11.917132318809243,25.459561885106616,-34.07556244573865,32.88776433173852
2002-06-20,-10.29617856310132,25.246553344296064,-32.680412879739904,31.97414728115001
2002-06-21,-9.735999402857997,24.679723399918714,-33.6341866337708,32.848198155406415
2002-06-22,-9.991385775383582,23.67146476182455,-33.76887900943059,33.1337491818558
2002-06-23,-8.905760389338539,23.242901510400372,-34.28198447261136,33.72203209612079
2002-06-24,-9.752780144102598,23.662151219588143,-32.56698871432878,33.745412906258224
2002-06-25,-10.687925751769818,24.120716994394357,-32.01501385947123,32.27678829571314
2002-06-26,-10.333907876230704,24.42992497756172,-33.1613322373835,31.671236699459016
2002-06-27,-9.932853487836251,24.57573895296057,-33.25555960778773,32.18180303878717
2002-06-28,-10.040587733072721,23.100269812556434,-33.84182549894099,31.92370186577346
2002-06-29,-9.931124949354787,22.495283753343458,-32.179214595179154,32.3862021622624
2002-06-30,-10.031133690883937,22.122903495973564,-31.6306056927192,33.00165353681237
2002-07-01,-11.741834006163621,23.187334506287296,-30.452629405581128,33.3311905980558
2002-07-02,-11.808888694777258,22.869183984294825,-26.99075105144838,34.424616446683935
2002-07-03,-12.072090741480833,23.020752486206987,-27.932915295983783,34.325641244602096
2002-07-04,-11.730409701550187,21.89687117402203,-27.822819686903184,35.221082254883356
2002-07-05,-10.004615660373537,22.456989061917415,-26.80846795658551,34.9557607465449
2002-07-06,-10.043366104941892,22.797822300070568,-26.40627539685087,35.377835864229034
2002-07-07,-9.842689863198652,21.951926150013453,-26.832477854951694,35.98992896976481
2002-07-08,-11.25283655557609,21.880403592198927,-26.528432935963732,35.49978846727581
2002-07-09,-11.02769277871278,21.18527907845266,-27.01923670733713,35.718399830965986
2002-07-10,-11.716928073855025,22.1637961265285,-27.989643668548307,35.84816808146003
2002-07-11,-13.170935168754266,21.062873048724708,-27.350938888007608,35.25747910114398
2002-07-12,-12.22188526799246,19.898948733511435,-26.808423087145233,36.12464241229929
2002-07-13,-10.844333643738672,19.560838929396912,-26.131089230797553,36.364414185467716
2002-07-14,-11.36192185820746,19.754436452001706,-25.69744805879202,35.2941228143823
2002-07-15,-9.733941182107026,19.853973236363473,-24.899602369980286,34.706764730546034
2002-07-16,-8.66735855140402,20.59451487626612,-23.56749711547905,34.914824807121306
2002-07-17,-8.342950080239794,19.31578242009667,-23.84576451837015,33.36867402198389
2002-07-18,-7.763782642160748,20.31663327477433,-23.197473879480015,33.2753282974563
2002-07-19,-7.709264014240275,19.618397144257983,-21.641432778842717,32.94382896945172
2002-07-20,-6.743734922787898,19.162006398691204,-22.784310516998477,34.136631074490865
2002-07-21,-7.268906480925992,18.44478581879796,-22.57778492435543,34.576212156133735
2002-07-22,-5.5384643922889065,18.644417781856195,-21.681488990203047,36.79465341400216
2002-07-23,-6.740115376417084,17.790374045873506,-22.600633332891537,36.97828430851255
2002-07-24,-6.746685356634282,17.505808573253294,-24.045268683490505,36.27912659225347
2002-07-25,-5.480113725110875,17.75717640442612,-23.818709902505894,35.784467368683615
2002-07-26,-6.433934991474162,17.157028791357536,-25.255609744733245,34.62906310193893
2002-07-27,-7.452316918312856,16.712110557579983,-24.909521711070532,33.914632063053396
2002-07-28,-7.188376322546337,17.18485174257982,-26.03015423502459,32.45885319327248
2002-07-29,-7.187202254829561,15.103589605635655,-26.515613499264905,32.83633911757635
2002-07-30,-6.917445734179818,14.776838087046265,-27.356402332591482,32.776347790662214
2002-07-31,-7.229778556954706,12.987586557282297,-28.437327687301043,32.816297879619306
2002-08-01,-7.453783152233344,14.270881422341693,-27.477525975210565,35.19368679414595
2002-08-02,-6.140720406242307,12.364418007392812,-26.955161618024587,35.670883460391764
2002-08-03,-7.4190267057227235,12.051047687726001,-27.012452002867793,35.30275624341524
2002-08-04,-7.4872844927838615,12.363553211884613,-25.549035758657105,37.40749935995429
2002-08-05,-8.083884922333242,13.411519475425532,-25.990687692783926,39.56284516869155
2002-08-06,-7.566778736754521,14.208207970993138,-26.70238912577697,39.25694667394561
2002-08-07,-6.384981041419277,14.904782319712831,-26.52934277757455,38.022289969334025
2002-08-08,-7.743476483434658,13.290229451407772,-28.301294361232195,38.44021982492526
2002-08-09,-9.066858559823547,12.404653819898613,-28.07222982524365,37.27691314440196
2002-08-10,-9.24389554425036,12.943571520383411,-28.172097532465873,37.2721510515762
2002-08-11,-10.40852978581223,13.269965508573218,-26.707317657565387,36.9430187509531
2002-08-12,-9.783039493054314,14.064187200618871,-26.401016623716867,36.270042315320445
2002-08-13,-9.647762078850024,12.24218136097247,-25.331956543965976,36.81633445041951
2002-08-14,-9.999208301584492,8.596553072054775,-25.56692285276909,36.09193783920196
2002-08-15,-9.227702694472661,8.351979247935887,-27.17624053765053,36.71071344977414
2002-08-16,-8.753854894044759,7.262255068106853,-27.716738497204105,36.02454795424392
2002-08-17,-7.9700781015859965,6.3661833459551325,-27.760839101044983,35.638983332089175
2002-08-18,-7.811153259627028,7.350974806753356,-26.868872645894793,35.13970916552138
2002-08-19,-8.914689962537373,7.597576129190279,-28.04181680016565,35.282812501258455
2002-08-20,-8.560655416606826,7.235478501082903,-27.859000415868106,34.653556069742216
2002-08-21,-8.667912175934612,8.026614917238152,-28.40397373013507,32.87635095389941
2002-08-22,-9.2832646708674,7.4645766596078005,-29.96932173180179,33.64046454725267
2002-08-23,-9.134761419562404,7.146954360953488,-30.940313511839204,34.024025790323336
2002-08-24,-9.912421797949783,6.778663899803204,-30.792065439752264,34.45329849919839
2002-08-25,-9.92956907560315,5.962285630113324,-30.23184091017865,34.86006873382045
2002-08-26,-9.13780203431567,5.82043684633269,-29.55289237184137,34.18984103473238
2002-08-27,-8.717227570315226,6.9470753419993345,-28.940901177977675,34.886175754179426
2002-08-28,-7.3467846125019705,5.7230217422146925,-29.347885767211856,35.16936772275887
2002-08-29,-7.451608717647888,4.074237942994978,-29.693594008279508,34.237285246184314
2002-08-30,-6.91255749613982,3.2298590703550403,-29.419995311934205,33.97312153504161
2002-08-31,-5.217379830946204,3.7974412327293696,-27.686561152297067,34.71896753798466
2002-09-01,-5.975648606591962,3.4723283422142788,-27.819136658093427,34.6390059043092
2002-09-02,-7.950905764640251,2.8670152152152606,-27.882597751823923,33.69225853684718
2002-09-03,-7.229326190951625,3.16034760599822,-27.13192280958277,35.84972046042812
2002-09-04,-6.022788070104736,4.067915794294306,-24.824447049580634,38.115811023214285
2002-09-05,-5.993118447273871,4.374024316495464,-24.784795378159938,39.40352773477113
2002-09-06,-4.139028133045679,4.058943173310565,-24.33064890568571,39.41967576522303
2002-09-07,-5.0270355891015495,5.012648481484659,-23.62214675768679,38.06787144859515
2002-09-08,-6.2829490600421325,4.926863769252686,-24.034191771850065,39.793608569052466
2002-09-09,-7.325035683505915,4.682553818811164,-24.15508645192409,39.7961686641597
2002-09-10,-8.094337799382876,3.7506610715679085,-23.190002951316725,40.47656781402551
2002-09-11,-9.12373325281735,4.756459052773151,-22.13698573163625,39.6129585822498
2002-09-12,-9.779006954170045,3.8138831267025735,-21.36272401067298,39.22505476077269
2002-09-13,-8.27609925973444,3.6874362537300973,-22.208703188712835,38.466165500400855
2002-09-14,-7.219299421086365,3.106587365224683,-22.457673603258833,39.6294699307436
2002-09-15,-6.708488200233601,1.9956648381066162,-21.20656075943466,39.55437440371845
2002-09-16,-6.642032280199354,4.091278821839765,-20.480577652806936,40.39614022474851
2002-09-17,-6.47010001452855,4.953964465446523,-20.407850576063126,41.39294251126036
2002-09-18,-7.7254270267209915,4.730465424371305,-19.729219088856727,41.26941806699172
2002-09-19,-8.680856896084661,5.715453777291785,-18.272782958147918,42.45443264642965
2002-09-20,-7.449030111191188,2.839271792328827,-18.493594463603493,40.213555481995016
2002-09-21,-7.201845595863683,1.5525777875750222,-18.3309405664148,41.74581357500904
2002-09-22,-8.220225341992402,0.14787335255883627,-16.563797899048527,41.47330386930984
2002-09-23,-6.807438677004179,-0.4299178041209222,-16.24591236649756,42.67936019451551
2002-09-24,-7.691917876299029,0.2970953989817906,-17.950366238888687,43.28924595110824
2002-09-25,-8.437117062140977,-0.3775143471138228,-16.68428628407786,42.88847992036134
2002-09-26,-6.818402569085377,-0.3016132082924866,-17.652463933593502,43.37505131957281
